{"cameraMode":{"drawMode":0,"name":"Shaded","section":"Shading Mode"},"sceneLighting":true,"audioPlay":false,"sceneViewState":{"m_AlwaysRefresh":false,"showFog":true,"showSkybox":true,"showFlares":true,"showImageEffects":true,"showParticleSystems":true,"showVisualEffectGraphs":true,"m_FxEnabled":true},"in2DMode":false,"pivot":{"x":0.01804506778717041,"y":0.06714117527008057,"z":0.12371999025344849},"rotation":{"x":-0.2917062044143677,"y":0.2859935462474823,"z":-0.09186704456806183,"w":-0.9081184267997742},"size":0.8660253882408142,"orthographic":false}